{
    "autoAdd": {
        "status": true,
        "message": "Hello Adders! Thanks for add me @!",
        "reply": true
    },
    "autoJoin": {
        "status": true,
        "message": "Hi! Thanks for invite me",
        "reply": false,
        "ticket": false
    },
    "members": 500,
    "groupjoin": 150,
    "namegrup": "lpm",
    "autoRead": false,
    "autoRespond": {
        "status": false,
        "message": "Mohon maaf, Riq nya lagi bobo"
    },
    "autoRespondMention": {
        "status": true,
        "message": "Ada apa gerangan si kawan ?"
    },
    "Addimage": false,
    "runtime": 1584023403.734488,
    "receivercount": 3827731,
    "sendcount": 1991738,
    "silent": [],
    "protectkick": [
        "cc7e34886772021b1976446d51be6a4ee",
        "c65c4443ec4f625bb50e92d873951d9a0",
        "c1eafb99ef14416d2458415aa47a97874"
    ],
    "protectinvite": [
        "cc7e34886772021b1976446d51be6a4ee"
    ],
    "protectjoin": [
        "cc7e34886772021b1976446d51be6a4ee"
    ],
    "protectcancel": [
        "cc7e34886772021b1976446d51be6a4ee",
        "c65c4443ec4f625bb50e92d873951d9a0",
        "c1eafb99ef14416d2458415aa47a97874"
    ],
    "protectqr": [
        "cc7e34886772021b1976446d51be6a4ee",
        "c65c4443ec4f625bb50e92d873951d9a0",
        "c1eafb99ef14416d2458415aa47a97874"
    ],
    "whitelist": [
        "u3eed352081ed251ca9dbc2ed2e2da0e2"
    ],
    "blacklist": [],
    "selfbackup": [],
    "livetime": [],
    "liveview": [],
    "Img": {},
    "changeGroupPicture": [],
    "wordban": [],
    "changePictureProfile": false,
    "changeCoverProfile": false,
    "checkContact": false,
    "checkPost": false,
    "checkSticker": false,
    "defaultReplyReader": "Hello @!, come here join to chat",
    "greet": {
        "join": {
            "status": false,
            "message": "Welcome asw @!"
        },
        "leave": {
            "status": false,
            "message": "Yah kok leave asw @!"
        }
    },
    "myProfile": {
        "coverId": "0c6088f388054044aa23830db923d21e",
        "displayName": "Riq",
        "pictureStatus": "0hb5dKAR1gPRpZMitrrhJCTWV3M3cuHDtSIQYgfn07ZiMjVy5FNlwgeH8xMC53BXhOYlUifyk3NyMg",
        "statusMessage": "\ud835\ude0c\ud835\ude1d\ud835\ude0c\ud835\ude19\ud835\ude20\ud835\ude0b\ud835\ude08\ud835\ude20 \ud835\ude1e\ud835\ude0c \ud835\ude0a\ud835\ude08\ud835\ude15 \ud835\ude0f\ud835\ude08\ud835\ude13\ud835\ude1c"
    },
    "mimic": {
        "status": false,
        "target": {}
    },
    "restartPoint": null,
    "setKey": {
        "status": false,
        "key": ""
    },
    "copyright": "If you respect the author please don't remove this copyright\n\u00a9 2018 Hello World",
    "author_lineid": "You can add the author by line id, https://line.me/ti/p/~zero-cool404",
    "setanCredit": "YOU CAN USE AND RUN THIS SELFBOT,\nBUT DONT REMOVE WEBAREBEAR MID OR CREDIT LINK\nTQ :)",
    "dontRemove": "u337c18ad01bdc582a952bbabe1832644",
    "dontRemove1": "https://lin.ee/hzZujuI",
    "lable": "https://lin.ee/hzZujuI",
    "changevp": false,
    "changeProfileVideo": false,
    "updateProfile": false,
    "autolike": false,
    "getpost": false,
    "invitekontak": false,
    "autokomen": false,
    "checkalbum": false,
    "detectlive": false,
    "detectTemplate": false,
    "unsendMessage": false,
    "detectspam": false,
    "mentionkick": false,
    "getposttl": false,
    "responcall": false,
    "detectflex": false,
    "detectflextext": false,
    "detectimage": false,
    "detectlocation": false,
    "detectvideo": false,
    "detectkick": false,
    "autoLike": false
}